Date,GOOG
2019-06-03 04:00:00,
2019-06-04 04:00:00,52.65250015258789
2019-06-05 04:00:00,52.11100006103515
2019-06-06 04:00:00,52.21699905395508
2019-06-07 04:00:00,53.301998138427734
2019-06-10 04:00:00,54.01900100708008
2019-06-11 04:00:00,53.93600082397461
2019-06-12 04:00:00,53.85150146484375
2019-06-13 04:00:00,54.438499450683594
2019-06-14 04:00:00,54.26750183105469
2019-06-17 04:00:00,54.625
2019-06-18 04:00:00,55.18000030517578
2019-06-19 04:00:00,55.11650085449219
2019-06-20 04:00:00,55.57099914550781
2019-06-21 04:00:00,56.09400177001953
2019-06-24 04:00:00,55.7760009765625
2019-06-25 04:00:00,54.317501068115234
2019-06-26 04:00:00,53.9900016784668
2019-06-27 04:00:00,53.800498962402344
2019-06-28 04:00:00,54.045501708984375
2019-07-01 04:00:00,54.897499084472656
2019-07-02 04:00:00,55.5625
2019-07-03 04:00:00,56.07899856567383
2019-07-05 04:00:00,56.579498291015625
2019-07-08 04:00:00,55.817501068115234
2019-07-09 04:00:00,56.24150085449219
2019-07-10 04:00:00,57.02399826049805
2019-07-11 04:00:00,57.21049880981445
2019-07-12 04:00:00,57.244998931884766
2019-07-15 04:00:00,57.516998291015625
2019-07-16 04:00:00,57.67900085449219
2019-07-17 04:00:00,57.317501068115234
2019-07-18 04:00:00,57.31650161743164
2019-07-19 04:00:00,56.505001068115234
2019-07-22 04:00:00,56.90349960327149
2019-07-23 04:00:00,57.31050109863281
2019-07-24 04:00:00,56.890499114990234
2019-07-25 04:00:00,56.60599899291992
2019-07-26 04:00:00,62.52050018310547
2019-07-29 04:00:00,61.97050094604492
2019-07-30 04:00:00,61.25699996948242
2019-07-31 04:00:00,60.83399963378906
2019-08-01 04:00:00,60.45050048828125
2019-08-02 04:00:00,59.699501037597656
2019-08-05 04:00:00,57.61600112915039
2019-08-06 04:00:00,58.497501373291016
2019-08-07 04:00:00,58.699501037597656
2019-08-08 04:00:00,60.2400016784668
2019-08-09 04:00:00,59.4005012512207
2019-08-12 04:00:00,58.73550033569336
2019-08-13 04:00:00,59.86349868774414
2019-08-14 04:00:00,58.214500427246094
2019-08-15 04:00:00,58.362998962402344
2019-08-16 04:00:00,58.880001068115234
2019-08-19 04:00:00,59.92250061035156
2019-08-20 04:00:00,59.134498596191406
2019-08-21 04:00:00,59.5625
2019-08-22 04:00:00,59.47650146484375
2019-08-23 04:00:00,57.56449890136719
2019-08-26 04:00:00,58.44449996948242
2019-08-27 04:00:00,58.391998291015625
2019-08-28 04:00:00,58.55099868774414
2019-08-29 04:00:00,59.64250183105469
2019-08-30 04:00:00,59.404998779296875
2019-09-03 04:00:00,58.41949844360352
2019-09-04 04:00:00,59.070499420166016
2019-09-05 04:00:00,60.569000244140625
2019-09-06 04:00:00,60.24649810791016
2019-09-09 04:00:00,60.22050094604492
2019-09-10 04:00:00,60.29999923706055
2019-09-11 04:00:00,61.00849914550781
2019-09-12 04:00:00,61.712501525878906
2019-09-13 04:00:00,61.97800064086914
2019-09-16 04:00:00,61.564998626708984
2019-09-17 04:00:00,61.45750045776367
2019-09-18 04:00:00,61.62049865722656
2019-09-19 04:00:00,61.93550109863281
2019-09-20 04:00:00,61.49649810791016
2019-09-23 04:00:00,61.70149993896485
2019-09-24 04:00:00,60.9379997253418
2019-09-25 04:00:00,62.32600021362305
2019-09-26 04:00:00,62.06949996948242
2019-09-27 04:00:00,61.25450134277344
2019-09-30 04:00:00,60.95000076293945
2019-10-01 04:00:00,60.255001068115234
2019-10-02 04:00:00,58.83150100708008
2019-10-03 04:00:00,59.39149856567383
2019-10-04 04:00:00,60.45000076293945
2019-10-07 04:00:00,60.38399887084961
2019-10-08 04:00:00,59.45650100708008
2019-10-09 04:00:00,60.115501403808594
2019-10-10 04:00:00,60.43349838256836
2019-10-11 04:00:00,60.772499084472656
2019-10-14 04:00:00,60.85699844360352
2019-10-15 04:00:00,62.1505012512207
2019-10-16 04:00:00,62.18199920654297
2019-10-17 04:00:00,62.65349960327149
2019-10-18 04:00:00,62.27450180053711
2019-10-21 04:00:00,62.307498931884766
2019-10-22 04:00:00,62.13999938964844
2019-10-23 04:00:00,62.95650100708008
2019-10-24 04:00:00,63.04949951171875
2019-10-25 04:00:00,63.256500244140625
2019-10-28 04:00:00,64.5
2019-10-29 04:00:00,63.13100051879883
2019-10-30 04:00:00,63.06449890136719
2019-10-31 04:00:00,63.00550079345703
2019-11-01 04:00:00,63.6870002746582
2019-11-04 05:00:00,64.56849670410156
2019-11-05 05:00:00,64.60150146484375
2019-11-06 05:00:00,64.58999633789062
2019-11-07 05:00:00,65.44300079345703
2019-11-08 05:00:00,65.56849670410156
2019-11-11 05:00:00,64.95950317382812
2019-11-12 05:00:00,64.94000244140625
2019-11-13 05:00:00,64.9000015258789
2019-11-14 05:00:00,65.572998046875
2019-11-15 05:00:00,66.74349975585938
2019-11-18 05:00:00,66.03500366210938
2019-11-19 05:00:00,65.77300262451172
2019-11-20 05:00:00,65.15249633789062
2019-11-21 05:00:00,65.06749725341797
2019-11-22 05:00:00,64.76699829101562
2019-11-25 05:00:00,65.33450317382812
2019-11-26 05:00:00,65.67749786376953
2019-11-27 05:00:00,65.64949798583984
2019-11-29 05:00:00,65.24800109863281
2019-12-02 05:00:00,64.49600219726562
2019-12-03 05:00:00,64.76399993896484
2019-12-04 05:00:00,66.0270004272461
2019-12-05 05:00:00,66.40650177001953
2019-12-06 05:00:00,67.03099822998047
2019-12-09 05:00:00,67.1780014038086
2019-12-10 05:00:00,67.23300170898438
2019-12-11 05:00:00,67.2509994506836
2019-12-12 05:00:00,67.51349639892578
2019-12-13 05:00:00,67.3915023803711
2019-12-16 05:00:00,68.05850219726562
2019-12-17 05:00:00,67.75599670410156
2019-12-18 05:00:00,67.63099670410156
2019-12-19 05:00:00,67.802001953125
2019-12-20 05:00:00,67.47949981689453
2019-12-23 05:00:00,67.44200134277344
2019-12-24 05:00:00,67.1780014038086
2019-12-26 05:00:00,68.0199966430664
2019-12-27 05:00:00,67.59449768066406
2019-12-30 05:00:00,66.80699920654297
2019-12-31 05:00:00,66.85099792480469
2020-01-02 05:00:00,68.36849975585938
2020-01-03 05:00:00,68.03299713134766
2020-01-06 05:00:00,69.71050262451172
2020-01-07 05:00:00,69.66699981689453
2020-01-08 05:00:00,70.21600341796875
2020-01-09 05:00:00,70.99150085449219
2020-01-10 05:00:00,71.48650360107422
2020-01-13 05:00:00,71.96150207519531
2020-01-14 05:00:00,71.54399871826172
2020-01-15 05:00:00,71.95999908447266
2020-01-16 05:00:00,72.58499908447266
2020-01-17 05:00:00,74.01950073242188
2020-01-21 05:00:00,74.22000122070312
2020-01-22 05:00:00,74.29750061035156
2020-01-23 05:00:00,74.3324966430664
2020-01-24 05:00:00,73.33550262451172
2020-01-27 05:00:00,71.69499969482422
2020-01-28 05:00:00,72.62799835205078
2020-01-29 05:00:00,72.93150329589844
2020-01-30 05:00:00,72.79199981689453
2020-01-31 05:00:00,71.71150207519531
2020-02-03 05:00:00,74.2969970703125
2020-02-04 05:00:00,72.35350036621094
2020-02-05 05:00:00,72.4114990234375
2020-02-06 05:00:00,73.8115005493164
2020-02-07 05:00:00,73.96150207519531
2020-02-10 05:00:00,75.43399810791016
2020-02-11 05:00:00,75.43949890136719
2020-02-12 05:00:00,75.91349792480469
2020-02-13 05:00:00,75.73300170898438
2020-02-14 05:00:00,76.03700256347656
2020-02-18 05:00:00,75.9834976196289
2020-02-19 05:00:00,76.33450317382812
2020-02-20 05:00:00,75.90750122070312
2020-02-21 05:00:00,74.25550079345703
2020-02-24 05:00:00,71.07949829101562
2020-02-25 05:00:00,69.42250061035156
2020-02-26 05:00:00,69.65899658203125
2020-02-27 05:00:00,65.90450286865234
2020-02-28 05:00:00,66.96649932861328
2020-03-02 05:00:00,69.45549774169922
2020-03-03 05:00:00,67.06950378417969
2020-03-04 05:00:00,69.32599639892578
2020-03-05 05:00:00,65.9520034790039
2020-03-06 05:00:00,64.92050170898438
2020-03-09 04:00:00,60.77799987792969
2020-03-10 04:00:00,64.01950073242188
2020-03-11 04:00:00,60.77050018310547
2020-03-12 04:00:00,55.74549865722656
2020-03-13 04:00:00,60.98649978637695
2020-03-16 04:00:00,54.21649932861328
2020-03-17 04:00:00,55.9900016784668
2020-03-18 04:00:00,54.84000015258789
2020-03-19 04:00:00,55.76449966430664
2020-03-20 04:00:00,53.61600112915039
2020-03-23 04:00:00,52.83100128173828
2020-03-24 04:00:00,56.722999572753906
2020-03-25 04:00:00,55.1245002746582
2020-03-26 04:00:00,58.087501525878906
2020-03-27 04:00:00,55.535499572753906
2020-03-30 04:00:00,57.34099960327149
2020-03-31 04:00:00,58.140499114990234
2020-04-01 04:00:00,55.28099822998047
2020-04-02 04:00:00,56.04199981689453
2020-04-03 04:00:00,54.89400100708008
2020-04-06 04:00:00,59.34600067138672
2020-04-07 04:00:00,59.32550048828125
2020-04-08 04:00:00,60.51399993896485
2020-04-09 04:00:00,60.5724983215332
2020-04-13 04:00:00,60.87799835205078
2020-04-14 04:00:00,63.46149826049805
2020-04-15 04:00:00,63.12350082397461
2020-04-16 04:00:00,63.17350006103515
2020-04-17 04:00:00,64.1624984741211
2020-04-20 04:00:00,63.33050155639648
2020-04-21 04:00:00,60.81700134277344
2020-04-22 04:00:00,63.160499572753906
2020-04-23 04:00:00,63.81549835205078
2020-04-24 04:00:00,63.96549987792969
2020-04-27 04:00:00,63.79399871826172
2020-04-28 04:00:00,61.68349838256836
2020-04-29 04:00:00,67.0739974975586
2020-04-30 04:00:00,67.43299865722656
2020-05-01 04:00:00,66.03050231933594
2020-05-04 04:00:00,66.33999633789062
2020-05-05 04:00:00,67.55549621582031
2020-05-06 04:00:00,67.36499786376953
2020-05-07 04:00:00,68.62799835205078
2020-05-08 04:00:00,69.41850280761719
2020-05-11 04:00:00,70.16300201416016
2020-05-12 04:00:00,68.78700256347656
2020-05-13 04:00:00,67.46649932861328
2020-05-14 04:00:00,67.80650329589844
2020-05-15 04:00:00,68.65950012207031
2020-05-18 04:00:00,69.1969985961914
2020-05-19 04:00:00,68.67424774169922
2020-05-20 04:00:00,70.33599853515625
2020-05-21 04:00:00,70.13999938964844
2020-05-22 04:00:00,70.52100372314453
2020-05-26 04:00:00,70.85099792480469
2020-05-27 04:00:00,70.89199829101562
2020-05-28 04:00:00,70.83650207519531
2020-05-29 04:00:00,71.44599914550781
2020-06-01 04:00:00,71.59100341796875
2020-06-02 04:00:00,71.96099853515625
2020-06-03 04:00:00,71.81900024414062
2020-06-04 04:00:00,70.60900115966797
2020-06-05 04:00:00,71.91950225830078
2020-06-08 04:00:00,72.33049774169922
2020-06-09 04:00:00,72.80799865722656
2020-06-10 04:00:00,73.2925033569336
2020-06-11 04:00:00,70.19200134277344
2020-06-12 04:00:00,70.65899658203125
2020-06-15 04:00:00,70.99250030517578
2020-06-16 04:00:00,72.13600158691406
2020-06-17 04:00:00,72.55599975585938
2020-06-18 04:00:00,71.7979965209961
2020-06-19 04:00:00,71.58599853515625
2020-06-22 04:00:00,72.59300231933594
2020-06-23 04:00:00,73.22049713134766
2020-06-24 04:00:00,71.59850311279297
2020-06-25 04:00:00,72.06649780273438
2020-06-26 04:00:00,67.99500274658203
2020-06-29 04:00:00,69.74849700927734
2020-06-30 04:00:00,70.68049621582031
2020-07-01 04:00:00,71.9020004272461
2020-07-02 04:00:00,73.23500061035156
2020-07-06 04:00:00,74.78500366210938
2020-07-07 04:00:00,74.25900268554688
2020-07-08 04:00:00,74.80000305175781
2020-07-09 04:00:00,75.54949951171875
2020-07-10 04:00:00,77.08699798583984
2020-07-13 04:00:00,75.56700134277344
2020-07-14 04:00:00,76.02899932861328
2020-07-15 04:00:00,75.68199920654297
2020-07-16 04:00:00,75.9000015258789
2020-07-17 04:00:00,75.77749633789062
2020-07-20 04:00:00,78.28600311279297
2020-07-21 04:00:00,77.9209976196289
2020-07-22 04:00:00,78.42449951171875
2020-07-23 04:00:00,75.78399658203125
2020-07-24 04:00:00,75.59349822998047
2020-07-27 04:00:00,76.51000213623047
2020-07-28 04:00:00,75.01699829101562
2020-07-29 04:00:00,76.10099792480469
2020-07-30 04:00:00,76.57250213623047
2020-07-31 04:00:00,74.14800262451172
2020-08-03 04:00:00,73.72250366210938
2020-08-04 04:00:00,73.24849700927734
2020-08-05 04:00:00,73.68049621582031
2020-08-06 04:00:00,75.00499725341797
2020-08-07 04:00:00,74.72450256347656
2020-08-10 04:00:00,74.80500030517578
2020-08-11 04:00:00,74.01599884033203
2020-08-12 04:00:00,75.33100128173828
2020-08-13 04:00:00,75.92250061035156
2020-08-14 04:00:00,75.3864974975586
2020-08-17 04:00:00,75.89900207519531
2020-08-18 04:00:00,77.93000030517578
2020-08-19 04:00:00,77.37650299072266
2020-08-20 04:00:00,79.0875015258789
2020-08-21 04:00:00,79.02100372314453
2020-08-24 04:00:00,79.41000366210938
2020-08-25 04:00:00,80.41100311279297
2020-08-26 04:00:00,82.61900329589844
2020-08-27 04:00:00,81.71649932861328
2020-08-28 04:00:00,82.22049713134766
2020-08-31 04:00:00,81.70899963378906
2020-09-01 04:00:00,83.0354995727539
2020-09-02 04:00:00,86.41400146484375
2020-09-03 04:00:00,82.09200286865234
2020-09-04 04:00:00,79.552001953125
2020-09-08 04:00:00,76.61949920654297
2020-09-09 04:00:00,77.8479995727539
2020-09-10 04:00:00,76.60099792480469
2020-09-11 04:00:00,76.03600311279297
2020-09-14 04:00:00,75.96399688720703
2020-09-15 04:00:00,77.0719985961914
2020-09-16 04:00:00,76.04499816894531
2020-09-17 04:00:00,74.77649688720703
2020-09-18 04:00:00,72.99949645996094
2020-09-21 04:00:00,71.55799865722656
2020-09-22 04:00:00,73.27300262451172
2020-09-23 04:00:00,70.760498046875
2020-09-24 04:00:00,71.41449737548828
2020-09-25 04:00:00,72.24800109863281
2020-09-28 04:00:00,73.22599792480469
2020-09-29 04:00:00,73.46649932861328
2020-09-30 04:00:00,73.4800033569336
2020-10-01 04:00:00,74.50450134277344
2020-10-02 04:00:00,72.9209976196289
2020-10-05 04:00:00,74.3010025024414
2020-10-06 04:00:00,72.6719970703125
2020-10-07 04:00:00,73.0145034790039
2020-10-08 04:00:00,74.29650115966797
2020-10-09 04:00:00,75.76100158691406
2020-10-12 04:00:00,78.4574966430664
2020-10-13 04:00:00,78.58399963378906
2020-10-14 04:00:00,78.40399932861328
2020-10-15 04:00:00,77.95649719238281
2020-10-16 04:00:00,78.65049743652344
2020-10-19 04:00:00,76.73049926757812
2020-10-20 04:00:00,77.79650115966797
2020-10-21 04:00:00,79.66549682617188
2020-10-22 04:00:00,80.7665023803711
2020-10-23 04:00:00,82.05000305175781
2020-10-26 04:00:00,79.52249908447266
2020-10-27 04:00:00,80.21299743652344
2020-10-28 04:00:00,75.83100128173828
2020-10-29 04:00:00,78.36199951171875
2020-10-30 04:00:00,81.05049896240234
2020-11-02 05:00:00,81.30149841308594
2020-11-03 05:00:00,82.510498046875
2020-11-04 05:00:00,87.45649719238281
2020-11-05 05:00:00,88.16850280761719
2020-11-06 05:00:00,88.0875015258789
2020-11-09 05:00:00,88.1500015258789
2020-11-10 05:00:00,87.01950073242188
2020-11-11 05:00:00,87.635498046875
2020-11-12 05:00:00,87.49199676513672
2020-11-13 05:00:00,88.85099792480469
2020-11-16 05:00:00,89.06900024414062
2020-11-17 05:00:00,88.50749969482422
2020-11-18 05:00:00,87.33899688720703
2020-11-19 05:00:00,88.19599914550781
2020-11-20 05:00:00,87.1094970703125
2020-11-23 05:00:00,86.74299621582031
2020-11-24 05:00:00,88.44400024414062
2020-11-25 05:00:00,88.57150268554688
2020-11-27 05:00:00,89.65950012207031
2020-11-30 05:00:00,88.03700256347656
2020-12-01 05:00:00,89.90499877929688
2020-12-02 05:00:00,91.39749908447266
2020-12-03 05:00:00,91.3385009765625
2020-12-04 05:00:00,91.39949798583984
2020-12-07 05:00:00,90.9739990234375
2020-12-08 05:00:00,90.92749786376952
2020-12-09 05:00:00,89.20649719238281
2020-12-10 05:00:00,88.7665023803711
2020-12-11 05:00:00,89.0885009765625
2020-12-14 05:00:00,88.00299835205078
2020-12-15 05:00:00,88.38849639892578
2020-12-16 05:00:00,88.1500015258789
2020-12-17 05:00:00,87.3949966430664
2020-12-18 05:00:00,86.55049896240234
2020-12-21 05:00:00,86.96849822998047
2020-12-22 05:00:00,86.17500305175781
2020-12-23 05:00:00,86.61900329589844
2020-12-24 05:00:00,86.94249725341797
2020-12-28 05:00:00,88.80449676513672
2020-12-29 05:00:00,87.93599700927734
2020-12-30 05:00:00,86.97599792480469
2020-12-31 05:00:00,87.59400177001953
2021-01-04 05:00:00,86.41200256347656
2021-01-05 05:00:00,87.0459976196289
2021-01-06 05:00:00,86.7645034790039
2021-01-07 05:00:00,89.36250305175781
2021-01-08 05:00:00,90.3604965209961
2021-01-11 05:00:00,88.33599853515625
2021-01-12 05:00:00,87.32749938964844
2021-01-13 05:00:00,87.72000122070312
2021-01-14 05:00:00,87.00900268554688
2021-01-15 05:00:00,86.80950164794922
2021-01-19 05:00:00,89.54299926757812
2021-01-20 05:00:00,94.34500122070312
2021-01-21 05:00:00,94.5625
2021-01-22 05:00:00,95.05249786376952
2021-01-25 05:00:00,94.97000122070312
2021-01-26 05:00:00,95.86199951171876
2021-01-27 05:00:00,91.53949737548828
2021-01-28 05:00:00,93.15550231933594
2021-01-29 05:00:00,91.78700256347656
2021-02-01 05:00:00,95.06749725341795
2021-02-02 05:00:00,96.37550354003906
2021-02-03 05:00:00,103.50350189208984
2021-02-04 05:00:00,103.11849975585938
2021-02-05 05:00:00,104.9000015258789
2021-02-08 05:00:00,104.64550018310548
2021-02-09 05:00:00,104.17549896240234
2021-02-10 05:00:00,104.7689971923828
2021-02-11 05:00:00,104.79450225830078
2021-02-12 05:00:00,105.20549774169922
2021-02-16 05:00:00,106.09500122070312
2021-02-17 05:00:00,106.41549682617188
2021-02-18 05:00:00,105.86000061035156
2021-02-19 05:00:00,105.05699920654295
2021-02-22 05:00:00,103.24400329589844
2021-02-23 05:00:00,103.54299926757812
2021-02-24 05:00:00,104.7584991455078
2021-02-25 05:00:00,101.56800079345705
2021-02-26 05:00:00,101.84300231933594
2021-03-01 05:00:00,104.07550048828124
2021-03-02 05:00:00,103.79199981689452
2021-03-03 05:00:00,101.33550262451172
2021-03-04 05:00:00,102.45449829101562
2021-03-05 05:00:00,105.427001953125
2021-03-08 05:00:00,101.20850372314452
2021-03-09 05:00:00,102.63500213623048
2021-03-10 05:00:00,102.75150299072266
2021-03-11 05:00:00,105.7385025024414
2021-03-12 05:00:00,103.09600067138672
2021-03-15 04:00:00,103.32450103759766
2021-03-16 04:00:00,104.6259994506836
2021-03-17 04:00:00,104.5540008544922
2021-03-18 04:00:00,101.81099700927734
2021-03-19 04:00:00,102.16000366210938
2021-03-22 04:00:00,101.92949676513672
2021-03-23 04:00:00,102.64800262451172
2021-03-24 04:00:00,102.25299835205078
2021-03-25 04:00:00,102.21800231933594
2021-03-26 04:00:00,101.77749633789062
2021-03-29 04:00:00,102.79750061035156
2021-03-30 04:00:00,102.7770004272461
2021-03-31 04:00:00,103.43150329589844
2021-04-01 04:00:00,106.8874969482422
2021-04-05 04:00:00,111.27749633789062
2021-04-06 04:00:00,111.2375030517578
2021-04-07 04:00:00,112.48400115966795
2021-04-08 04:00:00,113.27200317382812
2021-04-09 04:00:00,114.29399871826172
2021-04-12 04:00:00,112.739501953125
2021-04-13 04:00:00,113.3635025024414
2021-04-14 04:00:00,112.74199676513672
2021-04-15 04:00:00,114.83300018310548
2021-04-16 04:00:00,114.88800048828124
2021-04-19 04:00:00,115.12000274658205
2021-04-20 04:00:00,114.68150329589844
2021-04-21 04:00:00,114.66449737548828
2021-04-22 04:00:00,113.39600372314452
2021-04-23 04:00:00,115.76499938964844
2021-04-26 04:00:00,116.33699798583984
2021-04-27 04:00:00,115.3560028076172
2021-04-28 04:00:00,118.99549865722656
2021-04-29 04:00:00,121.49449920654295
2021-04-30 04:00:00,120.50599670410156
2021-05-03 04:00:00,119.7584991455078
2021-05-04 04:00:00,117.7125015258789
2021-05-05 04:00:00,117.83699798583984
2021-05-06 04:00:00,119.06749725341795
2021-05-07 04:00:00,119.93450164794922
2021-05-10 04:00:00,117.08300018310548
2021-05-11 04:00:00,115.43800354003906
2021-05-12 04:00:00,111.9540023803711
2021-05-13 04:00:00,113.09850311279295
2021-05-14 04:00:00,115.80799865722656
2021-05-17 04:00:00,116.07050323486328
2021-05-18 04:00:00,115.17150115966795
2021-05-19 04:00:00,115.4355010986328
2021-05-20 04:00:00,117.80449676513672
2021-05-21 04:00:00,117.25499725341795
2021-05-24 04:00:00,120.33350372314452
2021-05-25 04:00:00,120.45349884033205
2021-05-26 04:00:00,121.67649841308594
2021-05-27 04:00:00,120.12550354003906
2021-05-28 04:00:00,120.5780029296875
2021-06-01 04:00:00,121.4905014038086
2021-06-02 04:00:00,121.06400299072266
2021-06-03 04:00:00,120.23049926757812
2021-06-04 04:00:00,122.58799743652344
2021-06-07 04:00:00,123.30449676513672
2021-06-08 04:00:00,124.14250183105467
2021-06-09 04:00:00,124.56999969482422
2021-06-10 04:00:00,126.08000183105467
2021-06-11 04:00:00,125.69650268554688
2021-06-14 04:00:00,126.35199737548828
2021-06-15 04:00:00,126.03299713134766
2021-06-16 04:00:00,125.69650268554688
2021-06-17 04:00:00,126.37100219726562
2021-06-18 04:00:00,125.56749725341795
2021-06-21 04:00:00,126.45500183105467
2021-06-22 04:00:00,126.99949645996094
2021-06-23 04:00:00,126.46150207519533
2021-06-24 04:00:00,127.28199768066406
2021-06-25 04:00:00,126.99500274658205
2021-06-28 04:00:00,126.81950378417967
2021-06-29 04:00:00,126.01850128173828
2021-06-30 04:00:00,125.31600189208984
2021-07-01 04:00:00,126.36849975585938
2021-07-02 04:00:00,128.718994140625
2021-07-06 04:00:00,129.77099609375
2021-07-07 04:00:00,130.07749938964844
2021-07-08 04:00:00,129.177001953125
2021-07-09 04:00:00,129.57449340820312
2021-07-12 04:00:00,130.56399536132812
2021-07-13 04:00:00,130.9945068359375
2021-07-14 04:00:00,132.08250427246094
2021-07-15 04:00:00,131.26649475097656
2021-07-16 04:00:00,131.8455047607422
2021-07-19 04:00:00,129.25399780273438
2021-07-20 04:00:00,131.10150146484375
2021-07-21 04:00:00,132.60049438476562
2021-07-22 04:00:00,133.32850646972656
2021-07-23 04:00:00,137.8159942626953
2021-07-26 04:00:00,139.64450073242188
2021-07-27 04:00:00,136.79649353027344
2021-07-28 04:00:00,136.38150024414062
2021-07-29 04:00:00,136.54049682617188
2021-07-30 04:00:00,135.2209930419922
2021-08-02 04:00:00,135.989501953125
2021-08-03 04:00:00,136.27999877929688
2021-08-04 04:00:00,136.02850341796875
2021-08-05 04:00:00,136.94000244140625
2021-08-06 04:00:00,137.03599548339844
2021-08-09 04:00:00,138.0019989013672
2021-08-10 04:00:00,138.09649658203125
2021-08-11 04:00:00,137.6894989013672
2021-08-12 04:00:00,138.38949584960938
2021-08-13 04:00:00,138.406005859375
2021-08-16 04:00:00,138.91600036621094
2021-08-17 04:00:00,137.30050659179688
2021-08-18 04:00:00,136.57000732421875
2021-08-19 04:00:00,136.9134979248047
2021-08-20 04:00:00,138.43699645996094
2021-08-23 04:00:00,141.09950256347656
2021-08-24 04:00:00,142.39849853515625
2021-08-25 04:00:00,142.9499969482422
2021-08-26 04:00:00,142.1230010986328
2021-08-27 04:00:00,144.55050659179688
2021-08-30 04:00:00,145.46949768066406
2021-08-31 04:00:00,145.46200561523438
2021-09-01 04:00:00,145.8419952392578
2021-09-02 04:00:00,144.218994140625
2021-09-03 04:00:00,144.77499389648438
2021-09-07 04:00:00,145.5189971923828
2021-09-08 04:00:00,144.8834991455078
2021-09-09 04:00:00,144.9134979248047
2021-09-10 04:00:00,141.92100524902344
2021-09-13 04:00:00,143.46499633789062
2021-09-14 04:00:00,143.406005859375
2021-09-15 04:00:00,145.20599365234375
2021-09-16 04:00:00,144.37350463867188
2021-09-17 04:00:00,141.4635009765625
2021-09-20 04:00:00,139.01699829101562
2021-09-21 04:00:00,139.64649963378906
2021-09-22 04:00:00,140.93850708007812
2021-09-23 04:00:00,141.82650756835938
2021-09-24 04:00:00,142.63299560546875
2021-09-27 04:00:00,141.50100708007812
2021-09-28 04:00:00,136.1840057373047
2021-09-29 04:00:00,134.52099609375
2021-09-30 04:00:00,133.2655029296875
2021-10-01 04:00:00,136.46249389648438
2021-10-04 04:00:00,133.76499938964844
2021-10-05 04:00:00,136.177001953125
2021-10-06 04:00:00,137.35400390625
2021-10-07 04:00:00,139.1855010986328
2021-10-08 04:00:00,140.05599975585938
2021-10-11 04:00:00,138.84750366210938
2021-10-12 04:00:00,136.71299743652344
2021-10-13 04:00:00,137.89999389648438
2021-10-14 04:00:00,141.41200256347656
2021-10-15 04:00:00,141.6750030517578
2021-10-18 04:00:00,142.9604949951172
2021-10-19 04:00:00,143.82200622558594
2021-10-20 04:00:00,142.4149932861328
2021-10-21 04:00:00,142.78050231933594
2021-10-22 04:00:00,138.625
2021-10-25 04:00:00,138.7729949951172
2021-10-26 04:00:00,139.6719970703125
2021-10-27 04:00:00,146.42750549316406
2021-10-28 04:00:00,146.12899780273438
2021-10-29 04:00:00,148.27049255371094
2021-11-01 04:00:00,143.7740020751953
2021-11-02 04:00:00,145.86300659179688
2021-11-03 04:00:00,146.7899932861328
2021-11-04 04:00:00,148.68299865722656
2021-11-05 04:00:00,149.24099731445312
2021-11-08 05:00:00,149.35150146484375
2021-11-09 05:00:00,149.24850463867188
2021-11-10 05:00:00,146.62600708007812
2021-11-11 05:00:00,146.7480010986328
2021-11-12 05:00:00,149.64549255371094
2021-11-15 05:00:00,149.38800048828125
2021-11-16 05:00:00,149.0760040283203
2021-11-17 05:00:00,149.06199645996094
2021-11-18 05:00:00,150.70899963378906
2021-11-19 05:00:00,149.95249938964844
2021-11-22 05:00:00,147.07850646972656
2021-11-23 05:00:00,146.7570037841797
2021-11-24 05:00:00,146.71749877929688
2021-11-26 05:00:00,142.80599975585938
2021-11-29 05:00:00,146.11399841308594
2021-11-30 05:00:00,142.45199584960938
2021-12-01 05:00:00,141.6179962158203
2021-12-02 05:00:00,143.77650451660156
2021-12-03 05:00:00,142.52049255371094
2021-12-06 05:00:00,143.79649353027344
2021-12-07 05:00:00,148.0364990234375
2021-12-08 05:00:00,148.7205047607422
2021-12-09 05:00:00,148.1060028076172
2021-12-10 05:00:00,148.6750030517578
2021-12-13 05:00:00,146.70449829101562
2021-12-14 05:00:00,144.9705047607422
2021-12-15 05:00:00,147.36849975585938
2021-12-16 05:00:00,144.8385009765625
2021-12-17 05:00:00,142.80299377441406
2021-12-20 05:00:00,142.40150451660156
2021-12-21 05:00:00,144.2205047607422
2021-12-22 05:00:00,146.94900512695312
2021-12-23 05:00:00,147.1425018310547
2021-12-27 05:00:00,148.06399536132812
2021-12-28 05:00:00,146.447998046875
2021-12-29 05:00:00,146.50450134277344
2021-12-30 05:00:00,146.00250244140625
2021-12-31 05:00:00,144.67950439453125
2022-01-03 05:00:00,145.07449340820312
2022-01-04 05:00:00,144.41650390625
2022-01-05 05:00:00,137.65350341796875
2022-01-06 05:00:00,137.55099487304688
2022-01-07 05:00:00,137.00450134277344
2022-01-10 05:00:00,138.57400512695312
2022-01-11 05:00:00,140.0175018310547
2022-01-12 05:00:00,141.6479949951172
2022-01-13 05:00:00,139.13099670410156
2022-01-14 05:00:00,139.7864990234375
2022-01-18 05:00:00,136.29049682617188
2022-01-19 05:00:00,135.65199279785156
2022-01-20 05:00:00,133.50650024414062
2022-01-21 05:00:00,130.0919952392578
2022-01-24 05:00:00,130.3719940185547
2022-01-25 05:00:00,126.7354965209961
2022-01-26 05:00:00,129.24000549316406
2022-01-27 05:00:00,129.12100219726562
2022-01-28 05:00:00,133.2895050048828
2022-01-31 05:00:00,135.69850158691406
2022-02-01 05:00:00,137.8784942626953
2022-02-02 05:00:00,148.0364990234375
2022-02-03 05:00:00,142.65049743652344
2022-02-04 05:00:00,143.01600646972656
2022-02-07 05:00:00,138.93800354003906
2022-02-08 05:00:00,139.21299743652344
2022-02-09 05:00:00,141.4530029296875
2022-02-10 05:00:00,138.6024932861328
2022-02-11 05:00:00,134.1300048828125
2022-02-14 05:00:00,135.3000030517578
2022-02-15 05:00:00,136.42550659179688
2022-02-16 05:00:00,137.4875030517578
2022-02-17 05:00:00,132.30850219726562
2022-02-18 05:00:00,130.46749877929688
2022-02-22 05:00:00,129.40249633789062
2022-02-23 05:00:00,127.58499908447266
2022-02-24 05:00:00,132.67349243164062
2022-02-25 05:00:00,134.51950073242188
2022-02-28 05:00:00,134.89100646972656
2022-03-01 05:00:00,134.16799926757812
2022-03-02 05:00:00,134.75149536132812
2022-03-03 05:00:00,134.30799865722656
2022-03-04 05:00:00,132.1219940185547
2022-03-07 05:00:00,126.4645004272461
2022-03-08 05:00:00,127.27850341796876
2022-03-09 05:00:00,133.86599731445312
2022-03-10 05:00:00,132.6820068359375
2022-03-11 05:00:00,130.47549438476562
2022-03-14 04:00:00,126.74099731445312
2022-03-15 04:00:00,129.66050720214844
2022-03-16 04:00:00,133.6905059814453
2022-03-17 04:00:00,134.60049438476562
2022-03-18 04:00:00,136.80149841308594
2022-03-21 04:00:00,136.47850036621094
2022-03-22 04:00:00,140.27749633789062
2022-03-23 04:00:00,138.5034942626953
2022-03-24 04:00:00,141.31199645996094
2022-03-25 04:00:00,141.52149963378906
2022-03-28 04:00:00,141.9499969482422
2022-03-29 04:00:00,143.25
2022-03-30 04:00:00,142.64450073242188
2022-03-31 04:00:00,139.64950561523438
2022-04-01 04:00:00,140.6999969482422
2022-04-04 04:00:00,143.6425018310547
2022-04-05 04:00:00,141.06300354003906
2022-04-06 04:00:00,137.17599487304688
2022-04-07 04:00:00,136.46499633789062
2022-04-08 04:00:00,134.010498046875
2022-04-11 04:00:00,129.79649353027344
2022-04-12 04:00:00,128.37449645996094
2022-04-13 04:00:00,130.28599548339844
2022-04-14 04:00:00,127.25299835205078
2022-04-18 04:00:00,127.96099853515624
2022-04-19 04:00:00,130.531005859375
2022-04-20 04:00:00,128.24549865722656
2022-04-21 04:00:00,124.9375
2022-04-22 04:00:00,119.61399841308594
2022-04-25 04:00:00,123.25
2022-04-26 04:00:00,119.50599670410156
2022-04-27 04:00:00,115.02050018310548
2022-04-28 04:00:00,119.4114990234375
2022-04-29 04:00:00,114.96649932861328
2022-05-02 04:00:00,117.15699768066406
2022-05-03 04:00:00,118.12950134277344
2022-05-04 04:00:00,122.5749969482422
2022-05-05 04:00:00,116.74649810791016
2022-05-06 04:00:00,115.66000366210938
2022-05-09 04:00:00,113.08399963378906
2022-05-10 04:00:00,114.58450317382812
2022-05-11 04:00:00,113.96099853515624
2022-05-12 04:00:00,113.16100311279295
2022-05-13 04:00:00,116.5155029296875
2022-05-16 04:00:00,114.7925033569336
2022-05-17 04:00:00,116.70149993896484
2022-05-18 04:00:00,112.4010009765625
2022-05-19 04:00:00,110.74549865722656
2022-05-20 04:00:00,109.31300354003906
2022-05-23 04:00:00,111.66649627685548
2022-05-24 04:00:00,105.9260025024414
2022-05-25 04:00:00,105.8395004272461
2022-05-26 04:00:00,108.2959976196289
2022-05-27 04:00:00,112.79900360107422
2022-05-31 04:00:00,114.03900146484376
2022-06-01 04:00:00,114.13700103759766
2022-06-02 04:00:00,117.74600219726562
2022-06-03 04:00:00,114.56400299072266
2022-06-06 04:00:00,117.010498046875
2022-06-07 04:00:00,117.22949981689452
2022-06-08 04:00:00,117.23799896240234
2022-06-09 04:00:00,114.91799926757812
2022-06-10 04:00:00,111.42749786376952
2022-06-13 04:00:00,106.87650299072266
2022-06-14 04:00:00,107.19400024414062
2022-06-15 04:00:00,110.3905029296875
2022-06-16 04:00:00,106.63600158691406
2022-06-17 04:00:00,107.8655014038086
2022-06-21 04:00:00,112.01499938964844
2022-06-22 04:00:00,112.03399658203124
2022-06-23 04:00:00,112.68450164794922
2022-06-24 04:00:00,118.53800201416016
2022-06-27 04:00:00,116.62249755859376
2022-06-28 04:00:00,112.57150268554688
2022-06-29 04:00:00,112.25650024414062
2022-06-30 04:00:00,109.37249755859376
2022-07-01 04:00:00,109.08100128173828
2022-07-05 04:00:00,113.88700103759766
2022-07-06 04:00:00,115.2135009765625
2022-07-07 04:00:00,119.30599975585938
2022-07-08 04:00:00,120.1685028076172
2022-07-11 04:00:00,116.52249908447266
2022-07-12 04:00:00,114.84950256347656
2022-07-13 04:00:00,112.18699645996094
2022-07-14 04:00:00,111.44000244140624
2022-07-15 04:00:00,112.76699829101562
2022-07-18 04:00:00,109.91000366210938
2022-07-19 04:00:00,114.62000274658205
2022-07-20 04:00:00,114.6999969482422
2022-07-21 04:00:00,115.04000091552734
2022-07-22 04:00:00,108.36000061035156
2022-07-25 04:00:00,108.20999908447266
2022-07-26 04:00:00,105.44000244140624
2022-07-27 04:00:00,113.5999984741211
2022-07-28 04:00:00,114.58999633789062
2022-07-29 04:00:00,116.63999938964844
2022-08-01 04:00:00,115.4800033569336
2022-08-02 04:00:00,115.9000015258789
2022-08-03 04:00:00,118.77999877929688
2022-08-04 04:00:00,118.87000274658205
2022-08-05 04:00:00,118.22000122070312
2022-08-08 04:00:00,118.13999938964844
2022-08-09 04:00:00,117.5
2022-08-10 04:00:00,120.6500015258789
2022-08-11 04:00:00,119.81999969482422
2022-08-12 04:00:00,122.6500015258789
2022-08-15 04:00:00,122.87999725341795
2022-08-16 04:00:00,122.51000213623048
2022-08-17 04:00:00,120.31999969482422
2022-08-18 04:00:00,120.86000061035156
2022-08-19 04:00:00,118.12000274658205
2022-08-22 04:00:00,115.06999969482422
2022-08-23 04:00:00,114.7699966430664
2022-08-24 04:00:00,114.6999969482422
2022-08-25 04:00:00,117.6999969482422
2022-08-26 04:00:00,111.3000030517578
2022-08-29 04:00:00,110.33999633789062
2022-08-30 04:00:00,109.91000366210938
2022-08-31 04:00:00,109.1500015258789
2022-09-01 04:00:00,110.5500030517578
2022-09-02 04:00:00,108.68000030517578
2022-09-06 04:00:00,107.4800033569336
2022-09-07 04:00:00,110.4800033569336
2022-09-08 04:00:00,109.41999816894533
2022-09-09 04:00:00,111.77999877929688
2022-09-12 04:00:00,111.87000274658205
2022-09-13 04:00:00,105.30999755859376
2022-09-14 04:00:00,105.87000274658205
2022-09-15 04:00:00,103.9000015258789
2022-09-16 04:00:00,103.62999725341795
2022-09-19 04:00:00,103.8499984741211
2022-09-20 04:00:00,101.83000183105467
2022-09-21 04:00:00,100.01000213623048
2022-09-22 04:00:00,100.56999969482422
2022-09-23 04:00:00,99.16999816894533
2022-09-26 04:00:00,98.80999755859376
2022-09-27 04:00:00,98.08999633789062
2022-09-28 04:00:00,100.73999786376952
2022-09-29 04:00:00,98.08999633789062
2022-09-30 04:00:00,96.1500015258789
2022-10-03 04:00:00,99.3000030517578
2022-10-04 04:00:00,102.41000366210938
2022-10-05 04:00:00,102.22000122070312
2022-10-06 04:00:00,102.23999786376952
2022-10-07 04:00:00,99.56999969482422
2022-10-10 04:00:00,98.70999908447266
2022-10-11 04:00:00,98.0500030517578
2022-10-12 04:00:00,98.3000030517578
2022-10-13 04:00:00,99.70999908447266
2022-10-14 04:00:00,97.18000030517578
2022-10-17 04:00:00,100.77999877929688
2022-10-18 04:00:00,101.38999938964844
2022-10-19 04:00:00,100.29000091552734
2022-10-20 04:00:00,100.52999877929688
2022-10-21 04:00:00,101.4800033569336
2022-10-24 04:00:00,102.97000122070312
2022-10-25 04:00:00,104.93000030517578
2022-10-26 04:00:00,94.81999969482422
2022-10-27 04:00:00,92.5999984741211
2022-10-28 04:00:00,96.58000183105467
2022-10-31 04:00:00,94.66000366210938
2022-11-01 04:00:00,90.5
2022-11-02 04:00:00,87.06999969482422
2022-11-03 04:00:00,83.48999786376953
2022-11-04 04:00:00,86.69999694824219
2022-11-07 05:00:00,88.6500015258789
2022-11-08 05:00:00,88.91000366210938
2022-11-09 05:00:00,87.4000015258789
2022-11-10 05:00:00,94.16999816894533
2022-11-11 05:00:00,96.7300033569336
2022-11-14 05:00:00,96.02999877929688
2022-11-15 05:00:00,98.72000122070312
2022-11-16 05:00:00,98.98999786376952
2022-11-17 05:00:00,98.5
2022-11-18 05:00:00,97.8000030517578
2022-11-21 05:00:00,95.83000183105467
2022-11-22 05:00:00,97.33000183105467
2022-11-23 05:00:00,98.81999969482422
2022-11-25 05:00:00,97.5999984741211
2022-11-28 05:00:00,96.25
2022-11-29 05:00:00,95.44000244140624
2022-11-30 05:00:00,101.4499969482422
2022-12-01 05:00:00,101.27999877929688
2022-12-02 05:00:00,100.83000183105467
2022-12-05 05:00:00,99.87000274658205
2022-12-06 05:00:00,97.30999755859376
2022-12-07 05:00:00,95.1500015258789
2022-12-08 05:00:00,93.9499969482422
2022-12-09 05:00:00,93.06999969482422
2022-12-12 05:00:00,93.55999755859376
2022-12-13 05:00:00,95.8499984741211
2022-12-14 05:00:00,95.30999755859376
2022-12-15 05:00:00,91.1999969482422
2022-12-16 05:00:00,90.86000061035156
2022-12-19 05:00:00,89.1500015258789
2022-12-20 05:00:00,89.62999725341797
2022-12-21 05:00:00,90.25
2022-12-22 05:00:00,88.26000213623047
2022-12-23 05:00:00,89.80999755859375
2022-12-27 05:00:00,87.93000030517578
2022-12-28 05:00:00,86.45999908447266
2022-12-29 05:00:00,88.94999694824219
2022-12-30 05:00:00,88.7300033569336
2023-01-03 05:00:00,89.69999694824219
2023-01-04 05:00:00,88.70999908447266
2023-01-05 05:00:00,86.7699966430664
2023-01-06 05:00:00,88.16000366210938
2023-01-09 05:00:00,88.80000305175781
2023-01-10 05:00:00,89.23999786376953
2023-01-11 05:00:00,92.26000213623048
2023-01-12 05:00:00,91.91000366210938
2023-01-13 05:00:00,92.8000030517578
2023-01-17 05:00:00,92.16000366210938
2023-01-18 05:00:00,91.77999877929688
2023-01-19 05:00:00,93.91000366210938
2023-01-20 05:00:00,99.27999877929688
2023-01-23 05:00:00,101.20999908447266
2023-01-24 05:00:00,99.20999908447266
2023-01-25 05:00:00,96.7300033569336
2023-01-26 05:00:00,99.16000366210938
2023-01-27 05:00:00,100.70999908447266
2023-01-30 05:00:00,97.9499969482422
2023-01-31 05:00:00,99.87000274658205
2023-02-01 05:00:00,101.43000030517578
2023-02-02 05:00:00,108.8000030517578
2023-02-03 05:00:00,105.22000122070312
2023-02-06 05:00:00,103.47000122070312
2023-02-07 05:00:00,108.04000091552734
2023-02-08 05:00:00,100.0
2023-02-09 05:00:00,95.45999908447266
2023-02-10 05:00:00,94.86000061035156
2023-02-13 05:00:00,95.0
2023-02-14 05:00:00,94.9499969482422
2023-02-15 05:00:00,97.0999984741211
2023-02-16 05:00:00,95.77999877929688
2023-02-17 05:00:00,94.58999633789062
2023-02-21 05:00:00,92.0500030517578
2023-02-22 05:00:00,91.8000030517578
2023-02-23 05:00:00,91.06999969482422
2023-02-24 05:00:00,89.3499984741211
2023-02-27 05:00:00,90.0999984741211
2023-02-28 05:00:00,90.3000030517578
2023-03-01 05:00:00,90.51000213623048
2023-03-02 05:00:00,92.30999755859376
2023-03-03 05:00:00,94.0199966430664
2023-03-06 05:00:00,95.58000183105467
2023-03-07 05:00:00,94.16999816894533
2023-03-08 05:00:00,94.6500015258789
2023-03-09 05:00:00,92.66000366210938
2023-03-10 05:00:00,91.01000213623048
2023-03-13 04:00:00,91.66000366210938
2023-03-14 04:00:00,94.25
2023-03-15 04:00:00,96.5500030517578
2023-03-16 04:00:00,101.06999969482422
2023-03-17 04:00:00,102.45999908447266
2023-03-20 04:00:00,101.93000030517578
2023-03-21 04:00:00,105.83999633789062
2023-03-22 04:00:00,104.22000122070312
2023-03-23 04:00:00,106.26000213623048
2023-03-24 04:00:00,106.05999755859376
2023-03-27 04:00:00,103.05999755859376
2023-03-28 04:00:00,101.36000061035156
2023-03-29 04:00:00,101.9000015258789
2023-03-30 04:00:00,101.31999969482422
2023-03-31 04:00:00,104.0
2023-04-03 04:00:00,104.91000366210938
2023-04-04 04:00:00,105.12000274658205
2023-04-05 04:00:00,104.9499969482422
2023-04-06 04:00:00,108.9000015258789
2023-04-10 04:00:00,106.9499969482422
2023-04-11 04:00:00,106.12000274658205
2023-04-12 04:00:00,105.22000122070312
2023-04-13 04:00:00,108.19000244140624
2023-04-14 04:00:00,109.45999908447266
2023-04-17 04:00:00,106.41999816894533
2023-04-18 04:00:00,105.12000274658205
2023-04-19 04:00:00,105.0199966430664
2023-04-20 04:00:00,105.9000015258789
2023-04-21 04:00:00,105.91000366210938
2023-04-24 04:00:00,106.77999877929688
2023-04-25 04:00:00,104.61000061035156
2023-04-26 04:00:00,104.4499969482422
2023-04-27 04:00:00,108.37000274658205
2023-04-28 04:00:00,108.22000122070312
2023-05-01 04:00:00,107.70999908447266
2023-05-02 04:00:00,105.9800033569336
2023-05-03 04:00:00,106.12000274658205
2023-05-04 04:00:00,105.20999908447266
2023-05-05 04:00:00,106.21499633789062
2023-05-08 04:00:00,108.23999786376952
2023-05-09 04:00:00,107.94000244140624
2023-05-10 04:00:00,112.27999877929688
2023-05-11 04:00:00,116.9000015258789
2023-05-12 04:00:00,117.91999816894533
2023-05-15 04:00:00,116.95999908447266
2023-05-16 04:00:00,120.08999633789062
2023-05-17 04:00:00,121.4800033569336
2023-05-18 04:00:00,123.5199966430664
2023-05-19 04:00:00,123.25
2023-05-22 04:00:00,125.87000274658205
2023-05-23 04:00:00,123.29000091552734
2023-05-24 04:00:00,121.63999938964844
2023-05-25 04:00:00,124.3499984741211
2023-05-26 04:00:00,125.43000030517578
2023-05-30 04:00:00,124.63999938964844
2023-05-31 04:00:00,123.37000274658205
2023-06-01 04:00:00,124.37000274658205
2023-06-02 04:00:00,125.2300033569336
2023-06-05 04:00:00,126.62999725341795
2023-06-06 04:00:00,127.91000366210938
2023-06-07 04:00:00,122.94000244140624
2023-06-08 04:00:00,122.66999816894533
2023-06-09 04:00:00,122.87000274658205
2023-06-12 04:00:00,124.3499984741211
2023-06-13 04:00:00,124.43000030517578
2023-06-14 04:00:00,124.37999725341795
2023-06-15 04:00:00,125.79000091552734
2023-06-16 04:00:00,124.05999755859376
2023-06-20 04:00:00,123.8499984741211
2023-06-21 04:00:00,121.26000213623048
2023-06-22 04:00:00,123.87000274658205
2023-06-23 04:00:00,123.0199966430664
2023-06-26 04:00:00,119.08999633789062
2023-06-27 04:00:00,119.01000213623048
2023-06-28 04:00:00,121.08000183105467
2023-06-29 04:00:00,120.01000213623048
2023-06-30 04:00:00,120.97000122070312
2023-07-03 04:00:00,120.55999755859376
2023-07-05 04:00:00,122.62999725341795
2023-07-06 04:00:00,120.93000030517578
2023-07-07 04:00:00,120.13999938964844
2023-07-10 04:00:00,116.87000274658205
2023-07-11 04:00:00,117.70999908447266
2023-07-12 04:00:00,119.62000274658205
2023-07-13 04:00:00,124.83000183105467
2023-07-14 04:00:00,125.6999969482422
2023-07-17 04:00:00,125.05999755859376
2023-07-18 04:00:00,124.08000183105467
2023-07-19 04:00:00,122.77999877929688
2023-07-20 04:00:00,119.52999877929688
2023-07-21 04:00:00,120.30999755859376
2023-07-24 04:00:00,121.87999725341795
2023-07-25 04:00:00,122.79000091552734
2023-07-26 04:00:00,129.66000366210938
2023-07-27 04:00:00,129.8699951171875
2023-07-28 04:00:00,133.00999450683594
2023-07-31 04:00:00,133.11000061035156
2023-08-01 04:00:00,131.88999938964844
2023-08-02 04:00:00,128.63999938964844
2023-08-03 04:00:00,128.77000427246094
2023-08-04 04:00:00,128.5399932861328
2023-08-07 04:00:00,131.94000244140625
2023-08-08 04:00:00,131.83999633789062
2023-08-09 04:00:00,130.14999389648438
2023-08-10 04:00:00,130.2100067138672
2023-08-11 04:00:00,130.1699981689453
2023-08-14 04:00:00,131.8300018310547
2023-08-15 04:00:00,130.27000427246094
2023-08-16 04:00:00,129.11000061035156
2023-08-17 04:00:00,130.4600067138672
2023-08-18 04:00:00,128.11000061035156
2023-08-21 04:00:00,128.92999267578125
2023-08-22 04:00:00,129.69000244140625
2023-08-23 04:00:00,133.2100067138672
2023-08-24 04:00:00,130.4199981689453
2023-08-25 04:00:00,130.69000244140625
2023-08-28 04:00:00,131.7899932861328
2023-08-29 04:00:00,135.49000549316406
2023-08-30 04:00:00,136.92999267578125
2023-08-31 04:00:00,137.35000610351562
2023-09-01 04:00:00,136.8000030517578
2023-09-05 04:00:00,136.7100067138672
2023-09-06 04:00:00,135.3699951171875
2023-09-07 04:00:00,136.1999969482422
2023-09-08 04:00:00,137.1999969482422
2023-09-11 04:00:00,137.74000549316406
2023-09-12 04:00:00,136.07000732421875
2023-09-13 04:00:00,137.5
2023-09-14 04:00:00,138.99000549316406
2023-09-15 04:00:00,138.3000030517578
2023-09-18 04:00:00,138.9600067138672
2023-09-19 04:00:00,138.8300018310547
2023-09-20 04:00:00,134.58999633789062
2023-09-21 04:00:00,131.36000061035156
2023-09-22 04:00:00,131.25
2023-09-25 04:00:00,132.1699981689453
2023-09-26 04:00:00,129.4499969482422
2023-09-27 04:00:00,131.4600067138672
2023-09-28 04:00:00,133.1300048828125
2023-09-29 04:00:00,131.85000610351562
2023-10-02 04:00:00,135.1699981689453
2023-10-03 04:00:00,133.3000030517578
2023-10-04 04:00:00,136.27000427246094
2023-10-05 04:00:00,135.99000549316406
2023-10-06 04:00:00,138.72999572753906
2023-10-09 04:00:00,139.5
2023-10-10 04:00:00,139.1999969482422
2023-10-11 04:00:00,141.6999969482422
2023-10-12 04:00:00,140.2899932861328
2023-10-13 04:00:00,138.5800018310547
2023-10-16 04:00:00,140.49000549316406
2023-10-17 04:00:00,140.99000549316406
2023-10-18 04:00:00,139.27999877929688
2023-10-19 04:00:00,138.97999572753906
2023-10-20 04:00:00,136.74000549316406
2023-10-23 04:00:00,137.89999389648438
2023-10-24 04:00:00,140.1199951171875
2023-10-25 04:00:00,126.66999816894533
2023-10-26 04:00:00,123.44000244140624
2023-10-27 04:00:00,123.4000015258789
2023-10-30 04:00:00,125.75
2023-10-31 04:00:00,125.3000030517578
2023-11-01 04:00:00,127.56999969482422
2023-11-02 04:00:00,128.5800018310547
2023-11-03 04:00:00,130.3699951171875
2023-11-06 05:00:00,131.4499969482422
2023-11-07 05:00:00,132.39999389648438
2023-11-08 05:00:00,133.25999450683594
2023-11-09 05:00:00,131.69000244140625
2023-11-10 05:00:00,134.05999755859375
2023-11-13 05:00:00,133.63999938964844
2023-11-14 05:00:00,135.42999267578125
2023-11-15 05:00:00,136.3800048828125
2023-11-16 05:00:00,138.6999969482422
2023-11-17 05:00:00,136.94000244140625
2023-11-20 05:00:00,137.9199981689453
2023-11-21 05:00:00,138.6199951171875
2023-11-22 05:00:00,140.02000427246094
2023-11-24 05:00:00,138.22000122070312
2023-11-27 05:00:00,138.0500030517578
2023-11-28 05:00:00,138.6199951171875
2023-11-29 05:00:00,136.39999389648438
2023-11-30 05:00:00,133.9199981689453
2023-12-01 05:00:00,133.32000732421875
2023-12-04 05:00:00,130.6300048828125
2023-12-05 05:00:00,132.38999938964844
2023-12-06 05:00:00,131.42999267578125
2023-12-07 05:00:00,138.4499969482422
2023-12-08 05:00:00,136.63999938964844
2023-12-11 05:00:00,134.6999969482422
2023-12-12 05:00:00,133.63999938964844
2023-12-13 05:00:00,133.97000122070312
2023-12-14 05:00:00,133.1999969482422
2023-12-15 05:00:00,133.83999633789062
2023-12-18 05:00:00,137.19000244140625
2023-12-19 05:00:00,138.10000610351562
2023-12-20 05:00:00,139.66000366210938
2023-12-21 05:00:00,141.8000030517578
2023-12-22 05:00:00,142.72000122070312
2023-12-26 05:00:00,142.82000732421875
2023-12-27 05:00:00,141.44000244140625
2023-12-28 05:00:00,141.27999877929688
2023-12-29 05:00:00,140.92999267578125
2024-01-02 05:00:00,139.55999755859375
2024-01-03 05:00:00,140.36000061035156
2024-01-04 05:00:00,138.0399932861328
2024-01-05 05:00:00,137.38999938964844
2024-01-08 05:00:00,140.52999877929688
2024-01-09 05:00:00,142.55999755859375
2024-01-10 05:00:00,143.8000030517578
2024-01-11 05:00:00,143.6699981689453
2024-01-12 05:00:00,144.24000549316406
2024-01-16 05:00:00,144.0800018310547
2024-01-17 05:00:00,142.88999938964844
2024-01-18 05:00:00,144.99000549316406
2024-01-19 05:00:00,147.97000122070312
2024-01-22 05:00:00,147.7100067138672
2024-01-23 05:00:00,148.67999267578125
2024-01-24 05:00:00,150.35000610351562
2024-01-25 05:00:00,153.63999938964844
2024-01-26 05:00:00,153.7899932861328
2024-01-29 05:00:00,154.83999633789062
2024-01-30 05:00:00,153.0500030517578
2024-01-31 05:00:00,141.8000030517578
2024-02-01 05:00:00,142.7100067138672
2024-02-02 05:00:00,143.5399932861328
2024-02-05 05:00:00,144.92999267578125
2024-02-06 05:00:00,145.41000366210938
2024-02-07 05:00:00,146.67999267578125
2024-02-08 05:00:00,147.22000122070312
2024-02-09 05:00:00,150.22000122070312
2024-02-12 05:00:00,148.72999572753906
2024-02-13 05:00:00,146.3699951171875
2024-02-14 05:00:00,147.13999938964844
2024-02-15 05:00:00,143.94000244140625
2024-02-16 05:00:00,141.75999450683594
2024-02-20 05:00:00,142.1999969482422
2024-02-21 05:00:00,143.83999633789062
2024-02-22 05:00:00,145.32000732421875
2024-02-23 05:00:00,145.2899932861328
2024-02-26 05:00:00,138.75
2024-02-27 05:00:00,140.10000610351562
2024-02-28 05:00:00,137.42999267578125
2024-02-29 05:00:00,139.77999877929688
2024-03-01 05:00:00,138.0800018310547
2024-03-04 05:00:00,134.1999969482422
2024-03-05 05:00:00,133.77999877929688
2024-03-06 05:00:00,132.55999755859375
2024-03-07 05:00:00,135.24000549316406
2024-03-08 05:00:00,136.2899932861328
2024-03-11 04:00:00,138.94000244140625
2024-03-12 04:00:00,139.6199951171875
2024-03-13 04:00:00,140.77000427246094
2024-03-14 04:00:00,144.33999633789062
2024-03-15 04:00:00,142.1699981689453
2024-03-18 04:00:00,148.47999572753906
2024-03-19 04:00:00,147.9199981689453
2024-03-20 04:00:00,149.67999267578125
2024-03-21 04:00:00,148.74000549316406
2024-03-22 04:00:00,151.77000427246094
2024-03-25 04:00:00,151.14999389648438
2024-03-26 04:00:00,151.6999969482422
2024-03-27 04:00:00,151.94000244140625
2024-03-28 04:00:00,152.25999450683594
2024-04-01 04:00:00,156.5
2024-04-02 04:00:00,155.8699951171875
2024-04-03 04:00:00,156.3699951171875
2024-04-04 04:00:00,151.94000244140625
2024-04-05 04:00:00,153.94000244140625
2024-04-08 04:00:00,156.13999938964844
2024-04-09 04:00:00,158.13999938964844
2024-04-10 04:00:00,157.66000366210938
2024-04-11 04:00:00,160.7899932861328
2024-04-12 04:00:00,159.19000244140625
2024-04-15 04:00:00,156.3300018310547
2024-04-16 04:00:00,156.0
2024-04-17 04:00:00,156.8800048828125
2024-04-18 04:00:00,157.4600067138672
2024-04-19 04:00:00,155.72000122070312
2024-04-22 04:00:00,157.9499969482422
2024-04-23 04:00:00,159.9199981689453
2024-04-24 04:00:00,161.10000610351562
2024-04-25 04:00:00,157.9499969482422
2024-04-26 04:00:00,173.69000244140625
2024-04-29 04:00:00,167.89999389648438
2024-04-30 04:00:00,164.63999938964844
2024-05-01 04:00:00,165.57000732421875
2024-05-02 04:00:00,168.4600067138672
2024-05-03 04:00:00,168.99000549316406
2024-05-06 04:00:00,169.8300018310547
2024-05-07 04:00:00,172.97999572753906
2024-05-08 04:00:00,171.16000366210938
2024-05-09 04:00:00,171.5800018310547
2024-05-10 04:00:00,170.2899932861328
2024-05-13 04:00:00,170.89999389648438
2024-05-14 04:00:00,171.92999267578125
2024-05-15 04:00:00,173.8800048828125
2024-05-16 04:00:00,175.42999267578125
2024-05-17 04:00:00,177.2899932861328
2024-05-20 04:00:00,178.4600067138672
2024-05-21 04:00:00,179.5399932861328
2024-05-22 04:00:00,178.0
2024-05-23 04:00:00,175.05999755859375
2024-05-24 04:00:00,176.3300018310547
2024-05-28 04:00:00,178.02000427246094
2024-05-29 04:00:00,177.39999389648438
2024-05-30 04:00:00,173.55999755859375
2024-05-31 04:00:00,173.9600067138672
